No.,River,Location,"Area (km 2 )","Data period",Download
1001,Wick,Tarroul,161.9,1995-2011,N
2001,Helmsdale,Kilphedir,551.4,1975-2011,N
2002,Brora,Bruachrobie,434.4,1993-2011,N
3001,Shin,Lairg,494.6,1953-1957,N
3002,Carron,Sgodachail,241.1,1974-2011,N
3003,Oykel,"Easter Turnaig",330.7,1977-2011,Y
3004,Cassley,Rosehall,187.5,1979-2011,N
3005,Shin,Inveran,575,1981-2011,N
4001,Conon,"Moy Bridge",961.8,1947-2011,Y
4003,Alness,Alness,201,1974-2011,N
4004,Blackwater,Contin,336.7,1981-2011,N
4005,Meig,Glenmeannie,120.5,1986-2011,Y
4006,Bran,Dosmucheran,116.1,1989-2011,Y
4007,Blackwater,Garve,289,1989-2011,N
4008,"Newhall Burn","Newhall Bridge",41,1996-2011,N
4009,Peffery,"Strathpeffer STW",17.3,1995-2011,N
5001,Beauly,Erchless,849.5,1953-1962,N
5002,Farrar,Struy,311.3,1986-2011,N
5003,Glass,"Kerrow Wood",481.8,1988-2011,N
5004,Glass,Fasnakyle,277.5,1990-2011,N
6001,Ness,"Ness Castle Farm",1792.3,1935-1963,N
6003,Moriston,Invermoriston,391,1929-1945,N
6006,"Allt Bhlaraidh",Invermoriston,27.5,1953-1962,N
6007,Ness,Ness-side,1839.1,1972-2011,Y
6008,Enrick,"Mill of Tore",105.9,1979-2011,Y
6009,Moriston,Levishie,403.1,1994-2011,N
6011,Tarff,"Ardachy Bridge",75.9,1993-2011,N
7001,Findhorn,Shenachie,415.6,1960-2011,N
7002,Findhorn,Forres,781.9,1958-2011,Y
7003,Lossie,Sheriffmills,216,1963-2011,Y
7004,Nairn,Firhall,313,1979-2011,N
7005,Divie,Dunphail,165,1977-2011,N
7006,Lossie,Torwinny,20,1987-2011,Y
7007,"Black Burn",Monaughty,44,1990-2011,N
7008,Nairn,Balnafoich,128.1,1993-2011,N
7009,"Mosset Burn","Wardend Bridge",28.3,1998-2011,N
8001,Spey,Aberlour,2654.7,1938-1974,N
8002,Spey,Kinrara,1011.7,1951-2011,N
8003,Spey,"Ruthven Bridge",533.8,1951-1973,N
8004,Avon,Delnashaugh,542.8,1952-2011,Y
8005,Spey,"Boat of Garten",1267.8,1951-2011,N
8006,Spey,"Boat o Brig",2861.2,1952-2011,Y
8007,Spey,Invertruim,400.4,1952-2010,N
8008,Tromie,"Tromie Bridge",130.3,1952-2009,N
8009,Dulnain,"Balnaan Bridge",272.2,1952-2011,Y
8010,Spey,Grantown,1748.8,1953-2011,N
8011,Livet,Minmore,104,1978-2011,N
8013,Feshie,"Feshie Bridge",231,1992-2011,N
8015,Fiddich,Auchindoun,44.5,1991-2010,N
8016,"Conglass Water",Auchriachan,40.8,1992-1995,N
8017,"Burn of Carron",Dailuaine,15.2,1991-1994,N
8018,Avon,Tomintoul,185,1993-2003,N
8021,Nethy,"Forest Lodge",38.8,1996-2008,N
9001,Deveron,Avochie,441.6,1959-2011,N
9002,Deveron,Muiresk,954.9,1960-2011,Y
9003,Isla,Grange,176.1,1969-2011,N
9004,Bogie,Redcraig,179,1980-2011,N
9005,"Allt Deveron",Cabrach,67,1948-2011,Y
9006,"Deskford Burn",Cullen,46.5,1989-2011,N
9007,"Forgue Burn",Inverkeithny,88.3,1990-1995,N
9008,"Burn of Boyne",Scotsmill,53,1999-2011,N
9009,"Idoch Water",Turriff,95,1993-2011,N
10001,Ythan,Ardlethen,448.1,1965-1982,N
10002,Ugie,Inverugie,325,1971-2011,Y
10003,Ythan,Ellon,523,1983-2011,N
11001,Don,Parkhill,1273,1969-2011,Y
11002,Don,Haughton,787,1969-2011,N
11003,Don,"Bridge of Alford",499,1973-2011,N
11004,Urie,Pitcaple,198,1984-2011,N
11005,Don,"Mill of Newe",187,1989-1994,N
11006,Don,Culfork,103.4,1997-2011,N
12001,Dee,Woodend,1370,1929-2011,Y
12002,Dee,Park,1844,1972-2011,Y
12003,Dee,Polhollick,690,1975-2011,Y
12004,"Girnock Burn",Littlemill,30.3,1969-2011,N
12005,Muick,Invermuick,110,1976-2011,N
12006,Gairn,Invergairn,150,1978-2011,Y
12007,Dee,"Mar Lodge",289,1982-2011,Y
12008,Feugh,"Heugh Head",229,1985-2011,Y
12009,"Water of Dye",Charr,41.7,1957-2011,N
13001,Bervie,Inverbervie,123,1979-2011,Y
13002,"Luther Water","Luther Bridge",138,1982-2011,N
13003,"South Esk","Stannochy Bridge",487,1979-1982,N
13004,"Prosen Water","Prosen Bridge",104,1985-2011,Y
13005,"Lunan Water","Kirkton Mill",124,1981-2011,Y
13007,"North Esk","Logie Mill",732,1976-2011,Y
13008,"South Esk",Brechin,488,1983-2011,Y
13009,"West Water","Dalhouse Bridge",127.2,1985-2011,N
13010,"Brothock Water",Arbroath,50,1989-2011,N
13012,"South Esk","Gella Bridge",130,1991-2011,N
13017,"Colliston Burn",Colliston,8.4,1994-2011,N
14001,Eden,Kemback,307.4,1967-2011,Y
14002,"Dighty Water","Balmossie Mill",126.9,1969-2011,N
14005,"Motray Water","St Michaels",60,1984-2011,Y
14006,"Monikie Burn",Panbride,16,1987-1991,N
14007,"Craigmill Burn",Craigmill,29,1987-2009,N
14009,Eden,Strathmiglo,26,1991-2011,N
14010,"Motray Water",Kilmany,33,1991-2009,N
15001,Isla,Forter,70.7,1953-1968,N
15002,"Newton Burn",Newton,15.4,1959-1968,N
15003,Tay,Caputh,3210,1947-2011,N
15004,Inzion,"Loch of Lintrathen",24.7,1927-1968,N
15005,Melgan,"Loch of Lintrathen",40.9,1927-1968,N
15006,Tay,Ballathie,4587.1,1952-2011,Y
15007,Tay,Pitnacree,1149.4,1957-2011,N
15008,"Dean Water",Cookston,177.1,1958-2008,Y
15010,Isla,"Wester Cardean",366.5,1972-2011,N
15011,Lyon,"Comrie Bridge",391.1,1958-2011,Y
15012,Tummel,Pitlochry,1670,1973-2011,N
15013,Almond,Almondbank,174.8,1955-2011,Y
15014,Ardle,Kindrogan,103,1985-2011,Y
15015,Almond,"Newton Bridge",84,1986-2011,N
15016,Tay,Kenmore,600.9,1974-2011,N
15017,Braan,Ballinloan,197,1975-1980,N
15018,Lyon,Moar,161.4,1953-1958,N
15021,"Lunan Burn","Mill Bank",94,1984-2011,N
15023,Braan,Hermitage,210,1983-2011,Y
15024,Dochart,Killin,239,1982-2011,Y
15025,Ericht,Craighall,432,1985-2011,Y
15027,"Garry Burn",Loakmill,20,1987-2010,N
15028,"Ordie Burn",Luncarty,54,1986-2011,N
15029,"Alyth Burn",Pitcrocknie,32,1991-1994,N
15030,"Dean Water","Dean Bridge",230,1990-2011,N
15032,"Ordie Burn",Jackstone,20,1990-1996,N
15034,Garry,Killiecrankie,745,1991-2011,N
15035,Tummel,"Kinloch Rannoch",647,1991-2006,N
15038,Gaur,"Bridge of Gaur",247,1992-2007,N
15039,Tilt,"Marble Lodge",165,1992-2011,N
15041,Lyon,Camusvrachan,237,1992-2009,N
16001,Earn,"Kinkell Bridge",590.5,1948-2011,N
16002,Earn,Aberuchill,176.9,1955-1977,N
16003,"Ruchill Water",Cultybraggan,99.5,1970-2011,Y
16004,Earn,"Forteviot Bridge",782.2,1972-2011,Y
16007,"Ruthven Water",Aberuthven,50,1990-2011,N
17001,Carron,Headswood,122.3,1969-2011,Y
17002,Leven,Leven,424,1969-2001,N
17003,"Bonny Water",Bonnybridge,50.5,1971-2011,N
17004,Ore,"Balfour Mains",162,1972-2011,N
17005,Avon,Polmonthill,195.3,1965-2011,Y
17008,"South Queich",Kinross,33.6,1988-2011,N
17012,"Red Burn",Castlecary,22,1986-2009,N
17015,"North Queich",Lathro,23.1,1987-2011,N
17016,"Lochty Burn",Whinnyhall,14,1986-2009,N
17018,"Greens Burn","Damleys Cottage",10.5,1998-2011,N
18001,"Allan Water",Kinbuck,161,1957-2011,Y
18002,Devon,Glenochil,181,1959-2011,N
18003,Teith,"Bridge of Teith",517.7,1957-2011,Y
18005,"Allan Water","Bridge of Allan",210,1971-2011,N
18007,Devon,"Fossoway Bridge",69.5,1986-1991,N
18008,Leny,Anie,190,1973-2011,N
18010,Forth,Gargunnock,397,1986-2011,N
18011,Forth,Craigforth,1036,1981-2011,N
18013,"Black Devon","Fauld Mill",56.2,1986-2011,N
18014,"Bannock Burn",Bannockburn,23.7,1986-2011,N
18015,"Eas Gobhain","Loch Venachar",202,1986-2011,N
18016,"Kelty Water",Clashmore,2.7,1986-2008,N
18017,"Monachyle Burn",Balquhidder,7.7,1982-1996,N
18018,"Kirkton Burn",Balquhidder,6.8,1983-1996,N
18019,"Comer Burn",Comer,0.9,1987-1988,N
18020,"Loch Ard Burn",Duchray,0.8,1990-2011,N
18021,"Loch Ard Burn",Elrig,1.4,1990-2011,N
18022,"Avon Dhu",Milton,44.5,1990-2011,N
18023,"Monachyle Burn","Upper Monachyle",2.2,1987-1996,N
19001,Almond,Craigiehall,369,1957-2011,Y
19002,Almond,"Almond Weir",43.8,1962-2008,N
19003,"Breich Water","Breich Weir",51.8,1961-1980,N
19004,"North Esk","Dalmore Weir",81.6,1960-2011,N
19005,Almond,Almondell,229,1962-2011,N
19006,"Water of Leith",Murrayfield,107,1963-2011,N
19007,Esk,Musselburgh,330,1962-2011,N
19008,"South Esk",Prestonholm,112,1964-1989,N
19009,"Bog Burn",Cobbinshaw,8.5,1963-2002,N
19010,"Braid Burn",Liberton,16.2,1969-2011,N
19011,"North Esk","Dalkeith Palace",137,1963-2011,N
19012,"Water of Leith",Colinton,72,1986-2011,N
19017,"Gogar Burn",Turnhouse,38.8,1986-2011,N
19020,Almond,Whitburn,30.3,1986-2011,N
19021,"South Esk",Cowbridge,156,1998-2011,N
20001,Tyne,"East Linton",307,1961-2011,N
20002,"West Peffer Burn",Luffness,26.2,1966-2011,N
20003,Tyne,Spilmersford,161,1965-2011,N
20004,"East Peffer Burn",Lochhouses,31.1,1967-1993,N
20005,"Birns Water","Saltoun Hall",93,1965-2001,N
20006,"Biel Water","Belton House",51.8,1973-1998,N
20007,"Gifford Water",Lennoxlove,64,1973-2011,Y
21001,"Fruid Water",Fruid,23.7,1959-1968,N
21002,"Whiteadder Water","Hungry Snout",45.6,1959-1968,N
21003,Tweed,Peebles,694,1959-2011,N
21005,Tweed,"Lyne Ford",373,1961-2011,N
21006,Tweed,Boleside,1500,1961-2011,Y
21007,"Ettrick Water",Lindean,499,1961-2011,N
21008,Teviot,"Ormiston Mill",1110,1960-2011,N
21009,Tweed,Norham,4390,1962-2011,Y
21010,Tweed,Dryburgh,2080,1960-1980,N
21011,"Yarrow Water",Philiphaugh,231,1963-2011,N
21012,Teviot,Hawick,323,1963-2011,Y
21013,"Gala Water",Galashiels,207,1964-2011,N
21014,Tweed,Kingledores,139,1961-2011,N
21015,"Leader Water",Earlston,239,1966-2011,N
21016,"Eye Water","Eyemouth Mill",119,1967-2011,N
21017,"Ettrick Water",Brockhoperig,37.5,1965-2010,N
21018,"Lyne Water","Lyne Station",175,1968-2011,Y
21019,"Manor Water",Cademuir,61.6,1968-2011,N
21020,"Yarrow Water","Gordon Arms",155,1967-2011,N
21021,Tweed,Sprouston,3330,1969-2011,N
21022,"Whiteadder Water","Hutton Castle",503,1969-2011,Y
21023,"Leet Water",Coldstream,113,1970-2011,Y
21024,"Jed Water",Jedburgh,139,1971-2011,Y
21025,"Ale Water",Ancrum,174,1972-2011,N
21026,"Tima Water",Deephope,31,1973-2011,Y
21027,"Blackadder Water","Mouth Bridge",159,1973-2011,N
21028,"Menzion Burn","Menzion Farm",5.7,1948-1952,N
21030,"Megget Water",Henderland,56.2,1968-2008,N
21031,Till,Etal,648,1956-1980,N
21032,Glen,Kirknewton,198.9,1966-2010,N
21034,"Yarrow Water","Craig Douglas",116,1968-2011,N
22001,Coquet,Morwick,569.8,1963-2011,Y
22002,Coquet,Bygate,59.5,1957-1980,N
22003,"Usway Burn",Shillmoor,21.4,1957-1980,N
22004,Aln,Hawkhill,205,1966-1980,N
22006,Blyth,"Hartford Bridge",269.4,1966-2011,Y
22007,Wansbeck,Mitford,287.3,1968-2011,Y
22008,Alwin,Clennell,27.7,1969-1983,N
22009,Coquet,Rothbury,346,1972-2011,N
23001,Tyne,Bywell,2175.6,1956-2011,Y
23002,Derwent,"Eddys Bridge",118,1954-2011,N
23003,"North Tyne",Reaverhill,1007.5,1959-2011,N
23004,"South Tyne","Haydon Bridge",751.1,1962-2011,Y
23005,"North Tyne",Tarset,284.9,1963-1987,N
23006,"South Tyne",Featherstone,321.9,1966-2011,Y
23007,Derwent,"Rowlands Gill",242.1,1962-2011,N
23008,Rede,"Rede Bridge",343.8,1968-2011,Y
23009,"South Tyne",Alston,118.5,1969-2011,N
23010,"Tarset Burn",Greenhaugh,96,1970-1980,N
23011,"Kielder Burn",Kielder,58.8,1970-2011,Y
23012,"East Allen","Wide Eals",88,1971-1980,N
23013,"West Allen","Hindley Wrae",75.1,1971-1980,N
23014,"North Tyne","Kielder temporary",27,1960-1974,N
23015,"North Tyne",Barrasford,1043.8,1942-1959,N
23016,"Ouse Burn","Crag Hall",55,1990-2011,Y
23017,Team,"Team Valley",61.9,1991-2011,N
23018,"Ouse Burn",Woolsington,9,1991-2011,N
23022,"North Tyne",Uglydub,241.5,1982-2011,N
24001,Wear,"Sunderland Bridge",657.8,1957-2011,Y
24002,Gaunless,"Bishop Auckland",93,1958-1983,N
24003,Wear,Stanhope,171.9,1958-2011,N
24004,"Bedburn Beck",Bedburn,74.9,1959-2011,Y
24005,Browney,"Burn Hall",178.5,1954-2011,Y
24006,"Rookhope Burn",Eastgate,36.5,1957-1980,N
24007,Browney,Lanchester,44.6,1968-1983,N
24008,Wear,"Witton Park",455,1972-2011,N
24009,Wear,"Chester le Street",1008.3,1977-2011,N
24011,Wear,"Burnhope Reservoir",20.5,1992-2011,N
25001,Tees,"Broken Scar",818.4,1956-2011,Y
25002,Tees,"Dent Bank",217.3,1956-1974,N
25003,"Trout Beck","Moor House",11.4,1957-2011,N
25004,Skerne,"South Park",250.1,1956-2011,N
25005,Leven,"Leven Bridge",196.3,1959-2008,Y
25006,Greta,"Rutherford Bridge",86.1,1960-2011,Y
25007,"Clow Beck",Croft,78.2,1961-1980,N
25008,Tees,"Barnard Castle",509.2,1966-2011,N
25009,Tees,"Low Moor",1264,1969-2011,N
25011,"Langdon Beck",Langdon,13,1969-1983,N
25012,"Harwood Beck",Harwood,25.1,1969-2011,Y
25018,Tees,"Middleton in Teesdale",242.1,1971-2011,N
25019,Leven,Easby,14.8,1971-1996,N
25020,Skerne,"Preston le Skerne",147,1972-2011,Y
25021,Skerne,Bradbury,70.1,1973-2011,N
25022,Balder,"Balderhead Reservoir",20.4,1974-1980,N
25023,Tees,"Cow Green Reservoir",58.2,1971-2011,N
26001,"West Beck","Wansford Bridge",192,1953-1974,N
26002,Hull,"Hempholme Lock",378.1,1961-2011,N
26003,"Foston Beck","Foston Mill",57.2,1959-2010,Y
26004,"Gypsey Race",Bridlington,253.8,1971-1985,N
26005,"Gypsey Race",Boynton,240,1981-2011,Y
26006,"Elmswell Beck","Little Driffield",136,1980-2011,N
26007,Catchwater,Withernwick,15.5,1965-1979,N
26008,"Mires Beck","North Cave",41.9,1986-2011,Y
26009,"West Beck","Snakeholme Lock",242.2,1988-2011,N
26012,Foulness,"Holme House Farm",70.2,2000-2011,N
27001,Nidd,"Hunsingore Weir",484.3,1935-2011,Y
27002,Wharfe,"Flint Mill Weir",758.9,1955-2011,Y
27003,Aire,"Beal Weir",1932.1,1958-2011,N
27004,Calder,Newlands,899,1960-1976,N
27005,Nidd,"Gouthwaite Reservoir",113.7,1936-2011,N
27006,Don,"Hadfields Weir",373,1965-2011,N
27007,Ure,"Westwick Lock",914.6,1958-2011,Y
27009,Ouse,Skelton,3315,1969-2011,Y
27010,"Hodge Beck","Bransdale Weir",18.9,1936-1979,N
27011,Washburn,"Lindley Wood Reservoir",87.3,1953-1976,N
27012,"Hebden Water","High Greenwood",36,1954-1973,N
27013,"Ewden Beck","More Hall Reservoir",26.4,1954-1980,N
27014,Rye,"Little Habton",679,1958-1971,N
27015,Derwent,"Stamford Bridge",1634.3,1961-1975,N
27016,"Little Don","Underbank Reservoir",38.6,1956-1980,N
27017,Loxley,"Damflask Reservoir",43.5,1956-1980,N
27018,Ryburn,"Ryburn Reservoir",10.7,1956-1974,N
27019,"Booth Dean Clough","Booth Wood Mill",15.9,1956-1974,N
27020,"Scout Dike Stream","Scout Dike Resevoir",15.2,1956-1980,N
27021,Don,Doncaster,1256.2,1959-2011,Y
27022,Don,"Rotherham Weir",826,1960-1971,N
27023,Dearne,"Barnsley Weir",118.9,1960-2011,Y
27024,Swale,Richmond,381,1961-1980,N
27025,Rother,"Woodhouse Mill",352.2,1961-2011,Y
27026,Rother,Whittington,165,1963-2011,N
27027,Wharfe,Ilkley,443,1961-1975,N
27028,Aire,Armley,691.5,1961-2011,N
27029,Calder,Elland,341.9,1961-2011,N
27030,Dearne,Adwick,310.8,1963-2011,N
27031,Colne,"Colne Bridge",245,1964-2011,N
27032,"Hebden Beck",Hebden,22.2,1966-2011,Y
27034,Ure,"Kilgram Bridge",510.2,1967-2011,Y
27035,Aire,"Kildwick Bridge",282.3,1968-2011,Y
27038,"Costa Beck",Gatehouses,7.8,1970-2011,N
27040,"Doe Lea",Staveley,67.9,1970-2011,N
27041,Derwent,Buttercrambe,1586,1973-2011,Y
27042,Dove,"Kirkby Mills",59.2,1972-2011,Y
27043,Wharfe,Addingham,427,1973-2011,N
27044,"Blackfoss Beck","Sandhills Bridge",47,1974-2011,N
27047,"Snaizeholme Beck","Low Houses",10.2,1972-2011,Y
27048,Derwent,"West Ayton",127,1972-2009,N
27049,Rye,Ness,238.7,1974-2011,N
27050,Esk,Sleights,308,1970-1997,N
27051,Crimple,"Burn Bridge",8.1,1972-2011,Y
27052,Whitting,Sheepbridge,50.2,1976-2011,N
27053,Nidd,Birstwith,217.6,1975-2011,N
27054,"Hodge Beck","Cherry Farm",37.1,1974-2011,N
27055,Rye,"Broadway Foot",131.7,1974-2011,N
27056,"Pickering Beck","Ings Bridge",68.6,1974-2011,N
27057,Seven,Normanby,121.6,1974-2011,N
27058,Riccal,"Crook House Farm",57.6,1974-2007,N
27059,Laver,Ripon,87.5,1977-2011,Y
27061,Colne,"Longroyd Bridge",72.3,1978-2011,N
27062,Nidd,"Skip Bridge",516,1979-2011,N
27063,Dibb,"Grimwith Reservoir",25.5,1980-2011,N
27064,Went,"Walden Stubbs",83.7,1979-2011,N
27065,Holme,"Queens Mill",97.4,1979-2011,N
27066,"Blackburn Brook",Ashlowes,42.8,1981-2007,N
27067,Sheaf,"Highfield Road",49.1,1981-2011,N
27068,Ryburn,Ripponden,33,1981-2011,N
27069,Wiske,"Kirby Wiske",215.5,1980-2011,N
27071,Swale,Crakehill,1363,1955-2011,Y
27072,Worth,Keighley,71.7,1980-2011,N
27073,"Brompton Beck","Snainton Ings",12.9,1981-2011,Y
27074,"Spen Beck",Northorpe,46.3,1982-2011,N
27075,"Bedale Beck",Leeming,160.3,1983-2011,N
27076,"Bielby Beck","Thornton Lock",103.1,1983-2011,N
27077,"Bradford Beck",Shipley,58,1983-2011,N
27079,Calder,Methley,930,1988-2011,N
27080,Aire,Lemonroyd,865,1985-2011,N
27081,"Oulton Beck","Farrer Lane",25.1,1986-2011,N
27082,"Cundall Beck","Bat Bridge",23.5,1987-2011,N
27083,Foss,Huntington,118,1987-2011,N
27084,"Eastburn Beck",Crosshills,43.4,1988-2011,Y
27085,"Cod Beck","Dalton Bridge",209.3,1989-2011,N
27086,Skell,"Alma Weir",119.5,1984-2010,N
27087,Derwent,"Low Marishes",457.5,1989-2011,N
27088,Calder,Mytholmroyd,171.7,1996-2011,N
27089,Wharfe,Tadcaster,818,1991-2011,N
27090,Swale,"Catterick Bridge",499.4,1992-2009,N
27091,Crimple,Blackstones,76.8,2000-2011,N
28001,Derwent,"Yorkshire Bridge",126,1933-2011,N
28002,Blithe,"Hamstall Ridware",163,1937-2011,N
28003,Tame,"Water Orton",408,1955-2011,N
28005,Tame,Elford,1475,1955-1984,N
28006,Trent,"Great Haywood",325,1957-1964,N
28007,Trent,Shardlow,4400,1957-2011,N
28008,Dove,"Rocester Weir",399,1953-2011,Y
28009,Trent,Colwick,7486,1958-2011,Y
28011,Derwent,"Matlock Bath",690,1958-2004,N
28012,Trent,Yoxall,1229,1959-2011,N
28014,Sow,Milford,591,1960-2011,N
28015,Idle,Mattersey,529,1982-2011,Y
28016,Ryton,"Serlby Park",231,1965-1978,N
28017,Devon,Cotham,284,1966-1978,N
28018,Dove,"Marston on Dove",883.2,1961-2011,Y
28019,Trent,"Drakelow Park",3072,1966-2011,N
28020,Churnet,Rocester,236,1954-1982,N
28021,Derwent,Draycott,1175,1965-1977,N
28022,Trent,"North Muskham",8231,1968-2011,N
28023,Wye,Ashford,154,1965-2011,N
28024,Wreake,"Syston Mill",413.8,1967-2011,Y
28025,Sence,"Ratcliffe Culey",169.4,1966-1984,N
28026,Anker,Polesworth,368,1966-2011,Y
28027,Erewash,Sandiacre,182.2,1965-2011,N
28028,Soar,Wanlip,480,1972-1981,N
28029,"Kingston Brook","Kingston Hall",57,1966-1984,N
28030,"Black Brook",Onebarrow,8.4,1967-1984,N
28031,Manifold,Ilam,148.5,1968-2011,Y
28032,Meden,"Church Warsop",63,1965-2011,N
28033,Dove,Hollinsclough,8,1965-2011,N
28035,Leen,"Triumph Road Nottingham",111,1967-2011,N
28036,Poulter,"Twyford Bridge",128.2,1969-2011,N
28037,Derwent,"Mytham Bridge",203,1978-1996,N
28038,Manifold,"Hulme End",46,1969-1982,N
28039,Rea,"Calthorpe Park",74,1967-2011,Y
28040,Trent,"Stoke on Trent",53.2,1968-2011,Y
28041,Hamps,Waterhouses,35.1,1968-2011,N
28043,Derwent,Chatsworth,335,1968-2011,Y
28044,Poulter,Cuckney,32.2,1969-2011,Y
28045,Meden/Maun,"Bothamsall / Haughton",262.6,1965-1984,N
28046,Dove,"Izaak Walton",83,1969-2011,Y
28047,"Oldcoates Dyke",Blyth,85.2,1970-2011,N
28048,Amber,"Wingfield Park",139,1971-2011,N
28049,Ryton,Worksop,77,1970-2011,N
28050,Torne,Auckley,135.5,1971-2011,Y
28052,Sow,"Great Bridgford",163,1971-2011,Y
28053,Penk,Penkridge,272,1976-2011,N
28055,Ecclesbourne,Duffield,50.4,1971-2011,N
28056,"Rothley Brook",Rothley,94,1973-2011,Y
28058,"Henmore Brook",Ashbourne,42,1974-2011,N
28059,Maun,"Mansfield STW",28.8,1966-1984,N
28060,"Dover Beck",Lowdham,69,1972-2011,Y
28061,Churnet,"Basford Bridge",139,1975-2011,N
28066,Cole,Coleshill,130,1973-2011,Y
28067,Derwent,"Church Wilne",1177.5,1973-2011,N
28070,"Burbage Brook",Burbage,9.1,1965-1982,N
28072,Greet,Southwell,46.2,1974-2011,Y
28074,Soar,Kegworth,1292,1978-2011,N
28079,"Meece Brook",Shallowford,86.3,1981-2011,N
28080,Tame,"Lea Marston Lakes",799,1957-2011,Y
28081,Tame,Bescot,169,1982-2011,N
28082,Soar,Littlethorpe,183.9,1971-2011,Y
28083,Trent,Darlaston,195.2,1982-2011,N
28085,Derwent,"St Mary's Bridge",1054,1935-2011,Y
28086,Sence,"South Wigston",113,1971-2011,N
28087,Tame,"Perry Park",196.1,1989-1993,N
28091,Ryton,Blyth,231,1984-2011,N
28093,Soar,"Pillings Lock",1108.4,1986-2011,N
28095,Tame,"Hopwas Bridge",1421.7,2001-2011,N
28102,Blythe,Whitacre,194.3,1987-1996,N
28103,"Henmore Brook","Carsington Outflow",15.8,1998-2011,N
28109,Sow,Walkmill,10.9,2002-2011,N
28110,"Oldacre Brook",Brocton,2.8,1985-2011,N
28115,Maun,"Mansfield the Dykes",31.5,1996-2011,N
28116,Maun,"Whitewater Bridge",157,1997-2011,N
28117,Derwent,Whatstandwell,755,1997-2011,N
28118,Meden,Perlethorpe,97,2002-2011,N
29001,"Waithe Beck",Brigsley,108.3,1960-2011,N
29002,"Great Eau","Claythorpe Mill",77.4,1962-2011,Y
29003,Lud,Louth,55.2,1968-2011,Y
29004,Ancholme,Bishopbridge,54.7,1968-2011,N
29005,Rase,Bishopbridge,66.6,1971-2011,N
29009,Ancholme,"Toft Newton",27.2,1974-2011,Y
30001,Witham,"Claypole Mill",297.9,1959-2011,Y
30002,"Barlings Eau","Langworth Bridge",210.1,1960-2011,N
30003,Bain,"Fulsby Lock",197.1,1962-2011,N
30004,Lymn,"Partney Mill",61.6,1962-2011,Y
30005,Witham,"Saltersford Total",126.1,1968-2011,N
30006,Slea,"Leasingham Mill",48.4,1974-2011,N
30011,Bain,"Goulceby Bridge",62.5,1971-2011,Y
30012,"Stainfield Beck","Creampoke Farm",37.4,1970-2011,N
30013,"Heighington Beck",Heighington,21.2,1976-2011,N
30014,"Pointon Lode",Pointon,11.9,1972-2011,Y
30015,"Cringle Brook","Stoke Rochford",50.5,1976-2011,N
30017,Witham,Colsterworth,51.3,1978-2011,N
30033,Brant,"Brant Broughton",65.8,1990-2011,N
31001,"Eye Brook","Eye Brook Reservoir",60.1,1937-1999,N
31002,Glen,"Kates Br & King St Br",341.9,1960-2011,Y
31004,Welland,Tallington,717.4,1967-2011,N
31006,Gwash,Belmesthorpe,150,1967-2011,N
31007,Welland,Barrowden,411.6,1968-2011,N
31008,"East Glen",Manthorpe,136.2,1968-2011,N
31009,"West Glen",Shillingthorpe,173,1970-2011,N
31010,Chater,"Fosters Bridge",68.9,1968-2011,Y
31013,"East Glen",Irnham,71.5,1969-2011,N
31016,"North Brook",Empingham,36.5,1969-2011,N
31021,Welland,Ashley,250.7,1970-2011,N
31022,Jordan,"Market Harborough",20.8,1970-2011,N
31023,"West Glen","Easton Wood",4.4,1972-2011,N
31024,"Holywell Brook",Holywell,22.3,1971-2011,N
31025,"Gwash South Arm",Manton,24.5,1978-2011,Y
31026,"Egleton Brook",Egleton,2.5,1978-2011,N
31028,Gwash,"Church Bridge",76.5,1982-2011,N
32001,Nene,Orton,1634.3,1939-1996,N
32002,"Willow Brook",Fotheringhay,89.6,1938-2011,N
32003,"Harpers Brook","Old Mill Bridge",74.3,1938-2011,Y
32004,"Ise Brook","Harrowden Old Mill",194,1943-2011,Y
32006,Nene/Kislingbury,"Upton Total",223,1939-2011,Y
32007,Nene/Brampton,"St Andrews",232.8,1939-2011,N
32008,Nene/Kislingbury,Dodford,107,1945-2011,Y
32012,"Wootton Brook","Lady Bridge",53.3,1968-2000,N
32019,"Slade Brook",Kettering,58.3,1970-2011,N
32020,"Wittering Brook",Wansford,46.9,1970-1985,N
32029,Flore,"Experimental Catchment",7,1973-1979,N
32031,"Wootton Brook","Wootton Park",73.8,1982-2011,N
33001,"Bedford Ouse","Brownshill Staunch",3030,1936-1962,N
33002,"Bedford Ouse",Bedford,1460,1933-2011,Y
33003,Cam,Bottisham,803,1936-1987,N
33004,Lark,Isleham,466.2,1936-1986,N
33005,"Bedford Ouse","Thornborough Mill",388.5,1951-1991,N
33006,Wissey,Northwold,274.5,1956-2011,N
33007,Nar,Marham,153.3,1953-2011,N
33009,"Bedford Ouse","Harrold Mill",1320,1955-1993,N
33011,"Little Ouse","County Bridge Euston",128.7,1948-2011,N
33012,Kym,"Meagre Farm",137.5,1960-2011,Y
33013,Sapiston,"Rectory Bridge",205.9,1949-2011,Y
33014,Lark,Temple,272,1960-2011,N
33015,Ouzel,Willen,277.1,1962-2011,N
33016,Cam,"Jesus Lock",761.5,1959-1983,N
33018,Tove,"Cappenham Bridge",138.1,1962-2011,Y
33019,Thet,"Melford Bridge",316,1962-2010,N
33020,"Alconbury Brook",Brampton,201.5,1963-2011,N
33021,Rhee,"Burnt Mill",303,1962-2011,Y
33022,Ivel,Blunham,541.3,1959-2011,Y
33023,"Lea Brook","Beck Bridge",101.8,1962-2011,N
33024,Cam,Dernford,198,1949-2011,Y
33025,Babingly,"West Newton Mill",39.6,1963-1976,N
33026,"Bedford Ouse",Offord,2570,1970-2010,N
33027,Rhee,Wimpole,119.1,1965-2011,N
33028,Flit,Shefford,119.6,1966-2011,N
33029,Stringside,Whitebridge,98.8,1965-2011,Y
33030,"Clipstone Brook",Clipstone,40.2,1957-1980,N
33031,"Broughton Brook",Broughton,66.6,1970-2007,N
33032,Heacham,Heacham,59,1965-2011,N
33033,Hiz,Arlesey,108,1973-2011,Y
33034,"Little Ouse","Abbey Heath",688.5,1968-2011,Y
33035,"Ely Ouse","Denver Complex",3430,1958-2010,N
33037,"Bedford Ouse","Newport Pagnell Total",800,1969-2009,N
33039,"Bedford Ouse",Roxton,1660,1972-2011,Y
33040,Rhee,Ashwell,2,1965-2011,N
33044,Thet,Bridgham,277.8,1967-2011,N
33045,Wittle,Quidenham,28.3,1967-2011,N
33046,Thet,"Red Bridge",145.3,1967-2011,N
33049,"Stanford Water","Buckenham Tofts",43.5,1973-1980,N
33050,Snail,Fordham,60.6,1960-2011,N
33051,Cam,Chesterford,141,1964-2010,N
33052,"Swaffham Lode","Swaffham Bulbeck",36.4,1963-2011,N
33053,Granta,Stapleford,114,1949-2011,N
33054,Babingley,"Castle Rising",47.7,1976-2011,Y
33055,Granta,Babraham,98.7,1963-2011,N
33056,"Quy Water",Lode,76.4,1965-2011,N
33057,Ouzel,"Leighton Buzzard",119,1976-2011,N
33058,Ouzel,Bletchley,215,1978-2011,N
33061,Shep,"Fowlmere One",3.4,1995-2009,N
33062,"Guilden Brook","Fowlmere Two",3.4,1964-2011,N
33063,"Little Ouse",Knettishall,101,1980-2011,N
33064,"Whaddon Brook",Whaddon,16,1980-2010,N
33065,Hiz,Hitchin,11.9,1980-2010,N
33066,Granta,Linton,59.8,1981-2010,N
33068,"Cheney Water","Gatley End",5,1982-2010,N
33070,Lark,"Fornham St Martin",110.2,1985-2011,N
34001,Yare,Colney,231.8,1959-2010,N
34002,Tas,Shotesham,146.5,1957-2011,Y
34003,Bure,Ingworth,164.7,1959-2011,Y
34004,Wensum,"Costessey Mill",570.9,1960-2011,N
34005,Tud,"Costessey Park",73.2,1961-2011,N
34006,Waveney,"Needham Mill",370,1963-2011,Y
34007,Dove,"Oakley Park",133.9,1966-2011,N
34008,Ant,"Honing Lock",49.3,1966-2011,N
34010,Waveney,"Billingford Bridge",149.4,1968-2009,N
34011,Wensum,Fakenham,161.9,1966-2011,Y
34012,Burn,"Burnham Overy",80,1966-2011,N
34014,Wensum,"Swanton Morley Total",397.8,1969-2011,N
34018,Stiffkey,"Warham All Saints",87.8,1972-2009,N
34019,Bure,"Horstead Mill",313,1974-2011,N
35001,Gipping,"Constantine Weir",310.8,1964-1996,N
35002,Deben,"Naunton Hall",163.1,1964-2011,N
35003,Alde,Farnham,63.9,1961-2011,N
35004,Ore,"Beversham Bridge",54.9,1965-2011,N
35008,Gipping,Stowmarket,128.9,1964-2011,Y
35010,Gipping,Bramford,298,1969-2011,N
35013,Blyth,Holton,92.9,1970-2011,N
35014,"Mill River",Newbourn,27.1,1948-1969,N
36001,Stour,"Stratford St Mary",844.3,1928-1992,N
36002,Glem,Glemsford,87.3,1960-2010,N
36003,Box,Polstead,53.9,1960-2011,Y
36004,"Chad Brook","Long Melford",47.4,1965-2010,N
36005,Brett,Hadleigh,156,1962-2011,N
36006,Stour,Langham,578,1962-2011,Y
36007,"Belchamp Brook","Bardfield Bridge",58.6,1960-2011,N
36008,Stour,Westmill,224.5,1960-2011,N
36009,Brett,Cockfield,25.7,1968-2011,Y
36010,"Bumpstead Brook","Broad Green",28.3,1968-2011,N
36011,"Stour Brook",Sturmer,34.5,1968-2011,N
36012,Stour,Kedington,76.2,1968-2011,N
36013,Brett,Higham,195,1971-2010,N
36015,Stour,Lamarsh,480.7,1972-2011,N
37001,Roding,Redbridge,303.3,1950-2011,Y
37002,Chelmer,"Rushes Lock",533.9,1932-2010,N
37003,Ter,"Crabbs Bridge",77.8,1932-2011,N
37004,Blackwater,Langford,337,1932-1968,N
37005,Colne,Lexden,238.2,1959-2011,Y
37006,Can,"Beach's Mill",228.4,1962-2011,N
37007,Wid,Writtle,136.3,1964-2011,N
37008,Chelmer,Springfield,190.3,1965-2011,Y
37009,Brain,"Guithavon Valley",60.7,1962-2011,Y
37010,Blackwater,"Appleford Bridge",247.3,1962-2011,N
37011,Chelmer,Churchend,72.6,1963-2011,Y
37012,Colne,Poolstreet,65.1,1963-2011,N
37013,"Sandon Brook","Sandon Bridge",75.1,1963-2011,N
37014,Roding,"High Ongar",95.1,1963-2011,N
37015,"Cripsey Brook","Chipping Ongar",62.2,1961-2011,N
37016,Pant,"Copford Hall",62.5,1965-2011,N
37017,Blackwater,Stisted,139.2,1969-2011,N
37018,Ingrebourne,"Gaynes Park",47.9,1970-2011,Y
37019,Beam,"Bretons Farm",49.7,1965-2011,N
37020,Chelmer,Felsted,132.1,1970-2011,N
37021,Roman,"Bounstead Bridge",52.6,1970-2005,N
37022,"Holland Brook","Thorpe le Soken",54.9,1970-2011,N
37023,Roding,Loughton,269,1971-2011,N
37024,Colne,"Earls Colne",154.2,1971-2011,N
37025,"Bourne Brook","Perces Bridge",32.1,1965-1973,N
37026,"Tenpenny Brook","Tenpenny Bridge",29,1961-1976,N
37027,"Sixpenny Brook","Ship House Bridge",5.1,1960-1971,N
37028,"Bentley Brook","Saltwater Bridge",12.1,1960-1976,N
37029,"St Osyth Brook","Main Road Bridge",8,1960-1976,N
37031,Crouch,Wickford,71.8,1976-2011,N
37033,"Eastwood Brook",Eastwood,10.4,1975-2011,Y
37034,"Mar Dyke",Stifford,90.7,1974-2011,N
37038,Wid,Margaretting,98.6,1951-1974,N
38001,Lee,"Feildes Weir",1036,1879-2011,Y
38002,Ash,Mardock,78.7,1980-2011,N
38003,Mimram,"Panshanger Park",133.9,1952-2011,Y
38004,Rib,Wadesmill,136.5,1979-2011,N
38005,Ash,Easneye,85.2,1960-1981,N
38006,Rib,"Herts Training School",148.1,1956-1982,N
38007,"Canons Brook","Elizabeth Way",21.4,1953-2011,Y
38011,Mimram,"Fulling Mill",98.7,1957-2011,N
38012,"Stevenage Brook","Bragbury Park",36,1974-2011,N
38013,"Upper Lee","Luton Hoo",70.7,1960-2010,N
38014,"Salmon Brook",Edmonton,20.5,1956-2011,N
38015,"Intercepting Drain",Enfield,7.4,1969-1982,N
38016,"Stansted Sp",Mountfitchet,20.5,1969-2011,Y
38017,Mimram,Whitwell,39.1,1970-2011,N
38018,"Upper Lee","Water Hall",150,1971-2011,N
38019,"Salmon Brook","Montague Road",33.9,1971-1976,N
38020,"Cobbins Brook","Sewardstone Road",38.4,1971-2011,N
38021,"Turkey Brook","Albany Park",42.2,1971-2011,Y
38022,"Pymmes Brook","Edmonton Silver Street",42.6,1954-2011,N
38023,"Lee flood relief","Low Hall",1243,1980-2011,N
38024,"Small River Lee","Ordnance Road",41.5,1973-2011,N
38025,"Pymmes Brook",Alcazar,41.4,1954-1974,N
38026,"Pincey Brook","Sheering Hall",54.6,1974-2011,Y
38027,Stort,"Glen Faba",280.2,1985-2011,N
38028,"Stansted Brook","Gypsy Lane",25.9,1972-2011,N
38029,Quin,"Griggs Bridge",50.4,1978-2011,N
38030,Beane,Hartham,175.1,1979-2011,Y
38031,Lee,"Rye Bridge",758.3,1993-2011,N
38032,Lee,"Lea Bridge",1364,1994-2011,N
39001,Thames,Kingston,9948,1883-2011,Y
39002,Thames,"Days Weir",3444.7,1938-2011,Y
39003,Wandle,"South Wimbledon (Combined)",176.1,1962-2011,N
39004,Wandle,"Beddington Park",122,1936-2011,N
39005,"Beverley Brook","Wimbledon Common",43.5,1935-2011,Y
39006,Windrush,Newbridge,362.6,1950-2011,Y
39007,Blackwater,Swallowfield,354.8,1952-2011,Y
39008,Thames,Eynsham,1616.2,1951-2011,N
39009,Thames,"Bray Weir",6915.3,1959-1982,N
39010,Colne,Denham,743,1952-2011,N
39011,Wey,Tilford,396.3,1954-2011,Y
39012,Hogsmill,"Kingston upon Thames",69.1,1956-2011,N
39013,Colne,Berrygrove,352.2,1934-2011,N
39014,Ver,Hansteads,132,1956-2011,Y
39015,Whitewater,"Lodge Farm",44.6,1927-2011,N
39016,Kennet,Theale,1033.4,1961-2011,Y
39017,Ray,"Grendon Underwood",18.8,1962-2011,N
39019,Lambourn,Shaw,234.1,1962-2011,Y
39020,Coln,Bibury,106.7,1963-2011,Y
39021,Cherwell,"Enslow Mill",551.7,1965-2011,Y
39022,Loddon,Sheepbridge,164.5,1965-2011,N
39023,Wye,Hedsor,137.3,1964-2011,Y
39024,"Gatwick Stream",Gatwick,31.1,1952-1977,N
39025,Enborne,Brimpton,147.6,1967-2011,Y
39026,Cherwell,Banbury,199.4,1966-2011,N
39027,Pang,Pangbourne,170.9,1968-2011,N
39028,Dun,Hungerford,101.3,1968-2011,Y
39029,Tillingbourne,Shalford,59,1968-2011,Y
39030,Gade,"Croxley Green",184,1970-2011,N
39031,Lambourn,Welford,176,1962-2011,N
39032,Lambourn,"East Shefford",154,1966-2006,N
39033,"Winterbourne St",Bagnor,49.2,1962-2011,N
39034,Evenlode,"Cassington Mill",430,1970-2011,N
39035,Churn,"Cerney Wick",124.3,1969-2011,N
39036,"Law Brook",Albury,16,1968-2011,N
39037,Kennet,Marlborough,142,1972-2011,N
39038,Thame,Shabbington,443,1968-1994,N
39039,Wye,"High Wycombe",67.7,1997-2011,N
39040,Thames,"West Mill Cricklade",185,1972-2011,N
39042,Leach,"Priory Mill Lechlade",76.9,1972-2011,N
39043,Kennet,Knighton,295,1962-2011,N
39044,Hart,"Bramshill House",84,1972-2011,N
39046,Thames,"Sutton Courtenay",3414,1973-2011,N
39049,"Silk Stream","Colindeep Lane",29,1973-2011,Y
39051,"Sor Brook",Adderbury,106.4,1967-1988,N
39052,"The Cut",Binfield,50.2,1957-2011,N
39053,Mole,Horley,89.9,1961-2011,N
39054,Mole,"Gatwick Airport",31.8,1961-2011,N
39055,"Yeading Brook West","Yeading West",17.6,1979-1994,N
39056,Ravensbourne,"Catford Hill",120.4,1977-2011,Y
39057,Crane,"Cranford Park",61.7,1978-2011,N
39058,Pool,"Winsford Road",38.3,1978-2011,N
39061,"Letcombe Brook","Letcombe Bassett",4,1971-2011,N
39065,"Ewelme Brook",Ewelme,13.4,1970-2011,Y
39068,Mole,"Castle Mill",316,1971-2011,N
39069,Mole,"Kinnersley Manor",142,1972-2011,Y
39071,Thames,Ewen,63.7,2002-2011,N
39072,Thames,"Royal Windsor Park",7046,1979-2011,N
39073,Churn,Cirencester,84,1979-2011,N
39074,"Ampney Brook","Sheepen Bridge",74.4,1980-2011,N
39076,Windrush,Worsham,296,1942-2011,N
39077,Og,"Marlborough Poulton Fm",59.2,1980-2011,N
39078,"Wey (North)",Farnham,191.1,1978-2011,N
39079,Wey,Weybridge,1008,1979-2011,N
39081,Ock,Abingdon,234,1962-2011,Y
39084,Brent,"Brent Cross",36.4,1989-2011,N
39085,Wandle,"Wandle Park",176.1,1936-1960,N
39086,"Gatwick Stream","Gatwick Link",33.6,1975-2011,N
39087,Ray,"Water Eaton",84.1,1974-2011,N
39088,Chess,Rickmansworth,105,1974-2011,Y
39089,Gade,"Bury Mill",48.2,1975-2011,N
39090,Cole,Inglesham,140,1976-2011,N
39091,Misbourne,"Quarrendon Mill",66.3,1978-1985,N
39092,"Dollis Brook","Hendon Lane Bridge",25.1,1979-2011,N
39093,Brent,"Monks Park",117.6,1978-2011,N
39094,Crane,"Marsh Farm",81,1977-2011,N
39095,Quaggy,"Manor House Gardens",33.5,1978-2011,Y
39096,"Wealdstone Brook",Wembley,21.8,1979-2011,N
39097,Thames,Buscot,997,1980-1998,N
39098,Pinn,Uxbridge,33.3,1984-2003,N
39099,"Ampney Brook","Ampney St Peter",45.3,1983-2011,N
39100,"Swill Brook",Oaksey,53.3,1984-2010,N
39101,Aldbourne,Ramsbury,53.1,1982-2011,Y
39102,Misbourne,"Denham Lodge",94.8,1984-2011,N
39103,Kennet,Newbury,548.1,1989-2011,N
39104,Mole,Esher,469.6,1984-2011,N
39105,Thame,Wheatley,533.8,1989-2011,N
39107,Hogsmill,Ewell,33.7,1988-2010,N
39108,Churn,"Perrott's Brook",59,1990-2011,N
39109,Coln,Fossebridge,82,1990-2011,N
39110,Coln,Fairford,130,1991-2011,N
39111,Thames,Staines,8120,1990-2011,N
39112,"Letcombe Brook","Arabellas Lake",3.1,1992-2011,N
39113,"Manor Farm Brook","Letcombe Regis",1.4,1992-2011,N
39114,Pang,Frilsham,89.8,1991-2011,N
39115,Pang,Bucklebury,109,1991-2011,N
39116,"Sulham Brook",Sulham,3,1991-2011,N
39118,Wey,Alton,44.6,1991-2011,N
39119,Wey,"Kings Pond (Alton)",45.9,1991-2011,N
39120,"Caker Stream",Alton,88.1,1991-2011,N
39121,Thames,Walton,9291.5,1991-2011,N
39122,"Cranleigh Waters",Bramley,109.5,1990-2011,N
39123,Blackwater,Farnborough,35.5,1996-2011,N
39125,Ver,Redbourn,62.6,1993-2011,N
39126,Red,Redbourn,18.5,1993-2011,N
39127,Misbourne,"Little Missenden",47.2,1993-2011,N
39128,"Bourne (South)",Addlestone,90.1,1992-2011,N
39129,Thames,Farmoor,1608.6,1992-2011,N
39130,Thames,Reading,4633.7,1992-2011,N
39131,Brent,"Costons Lane Greenford",146.2,1992-2011,N
39134,"Ravensbourne East","Bromley South",10.3,1993-2011,N
39135,"Quaggy River","Chinbrook Meadows",14.5,1992-2011,N
39137,"Yeading West","Gutteridge Wood",21.1,2001-2011,N
39138,Loddon,Twyford,751.8,1995-2006,N
39140,Ray,Islip,290.1,1996-2011,N
39141,Wey,Guildford,689.6,1996-2011,N
39142,Windrush,"Bourton on the Water",65.5,1995-2011,N
39143,Dikler,"Bourton on the Water",90.7,1995-2011,N
39144,Sor,Bodicote,87.7,1995-2011,N
39145,"Yeading Brook East","Western Avenue A40",9.6,1995-2011,N
39146,"Mill Brook",Blewbury,2,1996-2011,N
39147,"Wendover Springs",Wendover,9.5,1963-2009,N
40001,Medway,"Weir Wood Reservoir",26.9,1953-1967,N
40002,Darwell,"Darwell Reservoir",9.6,1956-1975,N
40003,Medway,"Teston / East Farleigh",1256.1,1956-2011,Y
40004,Rother,Udiam,206,1962-2011,N
40005,Beult,"Stile Bridge",277.1,1958-2011,Y
40006,Bourne,Hadlow,50.3,1959-2011,N
40007,Medway,"Chafford / Colliersland Bridge",255.1,1960-2011,N
40008,"Great Stour",Wye,230,1962-2011,N
40009,Teise,"Stone Bridge",136.2,1961-2011,Y
40010,Eden,"Penshurst / Vexour Bridge",224.3,1961-2011,N
40011,"Great Stour",Horton,345,1964-2011,Y
40012,Darent,Hawley,191.4,1963-2011,Y
40013,Darent,Otford,100.5,1969-2011,N
40014,Wingham,Durlock,37.7,1971-2010,N
40015,"White Drain","Fairbrook Farm",31.8,1969-2009,N
40016,Cray,Crayford,119.7,1969-2011,Y
40017,Dudwell,Burwash,27.5,1971-2011,N
40018,Darent,Lullingstone,118.4,1969-2011,N
40020,"Eridge Stream","Hendal Bridge",53.7,1973-2011,Y
40021,"Hexden Channel","Hopemill Bridge Sandhurst",32.4,1975-2011,N
40022,"Great Stour","Chart Leacon",72.5,2001-2011,N
40023,"East Stour","South Willesborough",58.8,1976-2011,N
40024,"Bartley Mill St","Bartley Mill",25.1,1974-2011,N
40025,Brede,"Brede Pumping Station",45.7,2002-2011,N
40027,"Sarre Penn",Calcott,19.4,1975-2011,N
40029,Len,Lenside,69.7,1984-2011,N
40033,Dour,"Crabble Mill",49.5,1976-2011,N
41001,"Nunningham Stream","Tilley Bridge",16.9,1950-2011,Y
41002,"Ash Bourne","Hammer Wood Bridge",18.4,1951-2011,N
41003,Cuckmere,"Sherman Bridge",134.7,1959-2011,N
41004,Ouse,"Barcombe Mills",395.7,1956-2011,N
41005,Ouse,"Gold Bridge",180.9,1960-2011,Y
41006,Uck,Isfield,87.8,1964-2011,Y
41009,Rother,Hardham,345.8,1959-2011,N
41010,"Adur W Branch","Hatterell Bridge",109.1,1961-2008,N
41011,Rother,"Iping Mill",154,1966-2011,Y
41012,"Adur E Branch",Sakeham,93.3,1967-2011,N
41013,"Huggletts Stream","Henley Bridge",14.2,1950-2011,N
41014,Arun,"Pallingham Quay",379,1970-2011,N
41015,Ems,Westbourne,58.3,1967-2011,N
41016,Cuckmere,Cowbeech,18.7,1939-2011,N
41017,"Combe Haven",Crowhurst,30.7,1969-2004,N
41018,Kird,Tanyards,66.8,1969-2001,N
41019,Arun,Alfoldean,139,1970-2011,N
41020,"Bevern Stream","Clappers Bridge",34.6,1969-2011,N
41021,"Clayhill Stream","Old Ship",7.1,1969-2011,N
41022,Lod,"Halfway Bridge",52,1970-2011,Y
41023,Lavant,Graylingwell,87.2,1970-2011,Y
41024,"Shell Brook","Shell Brook",22.6,1971-2011,N
41025,"Loxwood Stream",Drungewick,91.6,1971-2011,Y
41026,"Cockhaise Brook",Holywell,36.1,1971-2011,N
41027,Rother,"Princes Marsh",37.2,1972-2011,Y
41028,"Chess Stream","Chess Bridge",24,1964-2011,N
41029,Bull,Lealands,40.8,1978-2011,Y
41031,"Fulking Stream",Fulking,1,1968-2011,N
41033,"Costers Brook",Cocking,2.7,1973-2011,N
41034,Ems,Walderton,41.5,1966-1984,N
41035,North,Brookhurst,53.9,1983-2011,N
41037,"Winterbourne Stream",Lewes,17.3,1966-2011,N
42001,Wallington,"North Fareham",111,1951-2011,Y
42003,Lymington,Brockenhurst,98.9,1960-2011,N
42004,Test,Broadlands,1040,1957-2011,Y
42005,"Wallop Brook",Broughton,53.6,1955-2011,N
42006,Meon,Mislingford,72.8,1958-2011,Y
42007,Alre,"Drove Lane Alresford",57,1970-2011,N
42008,"Cheriton Stream","Sewards Bridge",75.1,1970-2011,Y
42009,"Candover Stream","Borough Bridge",71.2,1970-2011,N
42010,Itchen,"Highbridge & Allbrook Total",360,1958-2011,Y
42011,Hamble,Frogmill,56.6,1972-2011,N
42012,Anton,Fullerton,185,1975-2011,N
42014,Blackwater,Ower,104.7,1976-2011,N
42015,Dever,"Weston Colley",52.7,1979-2006,N
42016,Itchen,Easton,236.8,1975-2011,N
42017,Hermitage,Havant,17,1979-2011,N
42018,"Monks Brook","Stoneham Lane",43.3,1987-2011,N
42019,"Tanners Brook",Millbrook,16,1977-2011,N
42020,"Tadburn Lake",Romsey,19,1977-2011,N
42023,Itchen,"Riverside Park",415,1982-2011,N
42024,Test,"Chilbolton Total",453,1989-2011,N
42025,"Lavant Stream","Leigh Park",54.5,1981-2004,N
42026,"Wallop Brook",Bossington,61.1,2000-2011,N
42027,Dever,Bransbury,122.3,2000-2011,N
43001,Avon,Ringwood,1649.8,1960-1965,N
43003,Avon,"East Mills",1477.8,1965-2011,N
43004,Bourne,Laverstock,163.6,1965-2011,N
43005,Avon,Amesbury,323.7,1965-2011,Y
43006,Nadder,Wilton,220.6,1966-2011,Y
43007,Stour,Throop,1073,1973-2011,Y
43008,Wylye,"South Newton",445.4,1967-2011,N
43009,Stour,Hammoon,523.1,1968-2011,Y
43010,Allen,"Loverley Mill",94,1970-2011,N
43011,Ebble,Bodenham,109,1970-1976,N
43012,Wylye,"Norton Bavant",112.4,1971-2011,N
43013,Mude,Somerford,12.4,1971-2011,N
43014,"East Avon",Upavon,85.8,1971-2011,Y
43017,"West Avon",Upavon,84.6,1971-2011,Y
43018,Allen,"Walford Mill",176.5,1974-2011,Y
43019,"Shreen Water",Colesbrook,29.1,1973-2011,N
43021,Avon,"Knapp Mill",1706,1975-2011,N
43022,"Moors River","Hurn Court",143.3,1992-2011,N
43024,Wylye,"Stockton Park",254.8,1994-2011,N
43025,"Dockens Water","Moyles Court",17.2,2001-2011,N
44001,Frome,"East Stoke Total",414.4,1965-2011,Y
44002,Piddle,"Baggs Mill",183.1,1963-2011,Y
44003,Asker,Bridport,49.1,1966-1980,N
44004,Frome,"Dorchester Total",206,1971-2011,N
44006,"Sydling Water","Sydling St Nicholas",12.4,1969-2011,Y
44008,"Sth Winterbourne","W'bourne Steepleton",19.9,1974-2011,N
44009,Wey,Broadwey,7,1975-2011,Y
44011,Asker,"East Bridge Bridport",48.5,1996-2011,N
45001,Exe,Thorverton,600.9,1956-2011,Y
45002,Exe,Stoodleigh,421.7,1960-2011,N
45003,Culm,"Wood Mill",226.1,1962-2011,Y
45004,Axe,Whitford,288.5,1964-2011,Y
45005,Otter,Dotton,202.5,1962-2011,Y
45006,Quarme,Enterwell,20.4,1964-1967,N
45008,Otter,"Fenny Bridges",104.2,1974-2011,N
45009,Exe,Pixton,159.7,1966-2011,Y
45010,Haddeo,Hartford,50,1973-1979,N
45011,Barle,Brushford,128,1967-2011,N
45012,Creedy,Cowley,261.6,1964-2011,Y
45013,Tale,Fairmile,34.4,1978-2011,N
46002,Teign,Preston,381,1956-2007,N
46003,Dart,"Austins Bridge",247.6,1958-2011,Y
46005,"East Dart",Bellever,21.5,1964-2011,Y
46006,Erme,Ermington,43.5,1973-2011,N
46007,"West Dart",Dunnabridge,47.9,1972-2011,N
46008,Avon,Loddiswell,102.3,1971-2011,N
47001,Tamar,Gunnislake,916.9,1956-2011,Y
47002,Tamar,Werrington,232.1,1956-1961,N
47003,Tavy,Lopwell,205.9,1957-1980,N
47004,Lynher,"Pillaton Mill",135.5,1963-2011,N
47005,Ottery,"Werrington Park",120.7,1963-2011,N
47006,Lyd,"Lifton Park",222.9,1963-2011,N
47007,Yealm,Puslinch,54.9,1963-2011,N
47008,Thrushel,Tinhay,112.7,1969-2011,Y
47009,Tiddy,Tideford,37.2,1969-2011,Y
47010,Tamar,"Crowford Bridge",76.7,1972-2011,N
47011,Plym,"Carn Wood",79.2,1971-2011,N
47013,"Withey Brook",Bastreet,16.2,1972-2011,N
47014,Walkham,Horrabridge,44.6,1976-2011,N
47015,Tavy,"Denham / Ludbrook",197.3,1981-2011,N
47016,Lumburn,"Lumburn Bridge",20.5,1976-2002,N
47017,Wolf,"Combe Park Farm",31.1,1977-1999,N
47018,Thrushel,"Hayne Bridge",57.6,1989-2011,N
47019,Tamar,"Polson Bridge",470.3,1987-2011,N
47020,Inny,"Beals Mill",105,2003-2011,N
48001,Fowey,Trekeivesteps,36.8,1957-2011,N
48003,Fal,Tregony,87,1978-2011,Y
48004,Warleggan,Trengoffe,25.3,1969-2011,N
48005,Kenwyn,Truro,19.1,1968-2011,N
48006,Cober,Helston,40.1,1968-1989,N
48007,Kennal,Ponsanooth,26.5,1968-2011,N
48009,"St Neot","Craigshill Wood",22.7,1971-2011,N
48010,Seaton,Trebrownbridge,39.1,1957-2011,N
48011,Fowey,Restormel,169.1,1961-2011,Y
49001,Camel,Denby,208.8,1964-2011,Y
49002,Hayle,"St Erth",47.6,1957-2011,Y
49003,"De Lank","De Lank",21.5,1967-2011,N
49004,Gannel,Gwills,41,1969-2011,Y
50001,Taw,Umberleigh,826.2,1958-2011,Y
50002,Torridge,Torrington,663,1960-2011,Y
50003,Taw,Sticklepath,15.6,1980-2011,N
50005,"West Okement",Vellake,13.3,1975-2011,N
50006,Mole,Woodleigh,327.5,1965-2011,Y
50007,Taw,"Taw Bridge",71.4,1973-2011,N
50008,Lew,"Gribbleford Bridge",71.1,1988-2011,N
50009,Lew,"Norley Bridge",20.2,1988-2011,N
50010,Torridge,"Rockhay Bridge",257.8,1988-2011,N
50011,Okement,Jacobstowe,82.1,1973-2011,N
50012,Yeo,Veraby,53.7,1968-2011,N
51001,"Doniford Stream","Swill Bridge",75.8,1967-2011,Y
51002,"Horner Water","West Luccombe",20.8,1973-2011,N
51003,Washford,"Beggearn Huish",36.3,1966-2011,N
52001,Axe,Wookey,18.2,1956-2011,N
52002,Yeo,"Sutton Bingham Reservoir",30.3,1956-1968,N
52003,Halsewater,Halsewater,87.8,1961-2011,N
52004,Isle,"Ashford Mill",90.1,1962-2011,N
52005,Tone,"Bishops Hull",202,1961-2011,Y
52006,Yeo,"Pen Mill",213.1,1963-2011,N
52007,Parrett,Chiselborough,74.8,1966-2011,N
52008,Tone,"Clatworthy Reservoir",18.1,1960-1968,N
52009,Sheppey,"Fenny Castle",59.6,1964-2011,N
52010,Brue,Lovington,135.2,1964-2011,Y
52011,Cary,Somerton,82.4,1965-2011,Y
52014,Tone,Greenham,57.2,1967-2011,N
52015,"Land Yeo","Wraxall Bridge",23.3,1971-2011,N
52016,"Currypool Stream","Currypool Farm",15.7,1971-2011,Y
52017,"Congresbury Yeo",Iwood,66.6,1973-2011,N
52020,"Gallica Stream","Gallica Bridge",16.4,1966-1978,N
52025,Hillfarrance,Milverton,27.8,1992-2011,N
52026,Alham,"Higher Alham",5.1,1983-2005,N
53001,Avon,Melksham,665.6,1953-1980,N
53002,"Semington Brook",Semington,157.7,1953-2011,N
53003,Avon,"Bath St James",1595,1939-1969,N
53004,Chew,"Compton Dando",129.5,1958-2011,N
53005,"Midford Brook",Midford,147.4,1961-2011,Y
53006,"Frome (Bristol)",Frenchay,148.9,1961-2011,Y
53007,"Frome (Somerset)",Tellisford,261.6,1961-2011,Y
53008,Avon,"Great Somerford",303,1964-2011,N
53009,"Wellow Brook",Wellow,72.6,1966-2011,Y
53013,Marden,Stanley,99.2,1970-2011,N
53017,Boyd,Bitton,47.9,1973-2011,Y
53018,Avon,Bathford,1552,1969-2011,N
53019,"Woodbridge Brook","Crabb Mill",46.6,1969-2011,N
53020,"Gauze Brook",Rodbourne,28.2,1968-2011,N
53022,Avon,"Bath ultrasonic",1605,1976-2011,N
53023,"Sherston Avon",Fosseway,89.7,1976-2011,Y
53024,"Tetbury Avon",Brokenborough,73.6,1978-2011,N
53025,Mells,Vallis,119,1980-2011,N
53026,"Frome (Bristol)","Frampton Cotterell",78.5,1978-2011,N
53028,"By Brook",Middlehill,102,1982-2011,N
53029,Biss,Trowbridge,77.6,1984-2011,N
54001,Severn,Bewdley,4325,1921-2011,Y
54002,Avon,Evesham,2210,1936-2011,Y
54003,Vyrnwy,"Vyrnwy Reservoir",94.3,1920-2011,N
54004,Sowe,Stoneleigh,262,1952-2011,N
54005,Severn,Montford,2025,1953-2011,N
54006,Stour,"Kidderminster Callows Lane",324,1953-2011,N
54007,Arrow,Broom,319,1957-2011,Y
54008,Teme,Tenbury,1134.4,1956-2011,Y
54010,Stour,"Alscot Park",319,1959-2011,N
54011,Salwarpe,"Harford Hill",184,1961-2011,N
54012,Tern,Walcot,852,1960-2011,Y
54013,Clywedog,Cribynau,57,1959-1979,N
54014,Severn,Abermule,580,1962-2011,N
54015,"Bow Brook","Besford Bridge",156,1969-2011,N
54016,Roden,Rodington,259,1961-2011,Y
54017,Leadon,"Wedderburn Bridge",293,1962-2011,Y
54018,"Rea Brook",Hookagate,178,1962-2011,Y
54019,Avon,Stareton,347,1962-2011,Y
54020,Perry,Yeaton,180.8,1963-2011,Y
54022,Severn,"Plynlimon flume",8.7,1953-2009,Y
54023,"Badsey Brook",Offenham,95.8,1968-2011,N
54024,Worfe,Burcote,258,1969-2011,Y
54025,Dulas,Rhos-y-pentref,52.7,1969-2011,N
54026,Chelt,"Slate Mill",34.5,1969-1983,N
54027,Frome,"Ebley Mill",198,1969-2011,Y
54028,Vyrnwy,Llanymynech,778,1970-2011,N
54029,Teme,"Knightsford Bridge",1480,1970-2011,Y
54032,Severn,"Saxons Lode",6850,1970-2011,Y
54034,"Dowles Brook","Oak Cottage",40.8,1971-2011,Y
54036,Isbourne,"Hinton on the Green",90.7,1972-2011,N
54038,Tanat,Llanyblodwel,229,1973-2011,Y
54040,Meese,Tibberton,167.8,1973-2011,N
54041,Tern,"Eaton On Tern",192,1972-2011,N
54043,Severn,"Upton On Severn",6850,1955-1970,N
54044,Tern,Ternhill,92.6,1972-2011,N
54045,Perry,"Perry Farm",49.1,1974-1979,N
54046,Worfe,Cosford,54.9,1975-2011,N
54047,Perry,"Ruyton Bridge",155,1975-1978,N
54048,Dene,Wellesbourne,102,1976-2011,N
54049,Leam,"Princes Drive Weir",362,1979-2011,N
54050,Leam,Eathorpe,300,1987-2011,N
54052,"Bailey Brook",Ternhill,34.4,1970-2011,N
54053,Corve,Ludlow,164,1972-1976,N
54054,Onny,Onibury,235,1972-1976,N
54057,Severn,"Haw Bridge",9895,1971-2011,N
54058,"Stoke Park Brook","Stoke Park",14.3,1972-1978,N
54059,"Allford Brook",Allford,10.2,1972-1978,N
54060,"Potford Brook","Sandyford Bridge",25,1972-2011,N
54061,"Hodnet Brook",Hodnet,5.1,1972-1977,N
54062,"Stoke Brook",Stoke,13.7,1972-1983,N
54063,Stour,"Prestwood Hospital",89.9,1972-2011,N
54065,Roden,Stanton,210,1973-1979,N
54066,"Platt Brook",Platt,15.7,1973-1983,N
54067,"Smestow Brook",Swindon,81.3,1974-1978,N
54069,"Springs Brook","Lower Hordley",10.4,1974-1978,N
54070,"War Brook",Walford,22.5,1974-1983,N
54080,Severn,Dolwen,187,1977-2011,N
54081,Clywedog,Bryntail,49,1977-2011,N
54083,"Crow Brook",Horton,16.7,1978-1983,N
54084,"Cannop Brook",Parkend,31.5,1978-2010,N
54085,"Cannop Brook","Cannop Cross",10.4,1979-1983,N
54087,"Allford Brook","Childs Ercall",4.7,1973-2011,N
54088,"Little Avon","Berkeley Kennels",134,1978-2011,N
54089,Avon,Bredon,2674,1988-2011,N
54090,Tanllwyth,"Tanllwyth Flume",0.9,1973-2009,N
54091,Severn,"Hafren Flume",3.6,1976-2009,N
54092,Hore,"Hore Flume",3.2,1973-2009,N
54094,Strine,Crudgington,134,1982-2009,N
54095,Severn,Buildwas,3717,1984-2011,Y
54096,"Hadley Brook","Wards Bridge",53.4,1987-2011,N
54097,Hore,"Upper Hore flume",1.6,1985-2009,N
54098,Cam,Cambridge,29.3,1998-2011,N
54099,"Coley Brook","Coley Mill",37.3,1997-2011,N
54100,"Lonco Brook","Whitleyford Bridge",33.6,2002-2011,N
54110,Severn,Deerhurst,9877,2001-2011,N
54114,Avon,Warwick,1012,2000-2011,N
55002,Wye,Belmont,1895.9,1935-2011,N
55003,Lugg,Lugwardine,885.8,1939-2011,N
55004,Irfon,Abernant,72.8,1937-1982,N
55005,Wye,Rhayader,166.8,1937-1969,N
55006,Elan,"Caban Coch Reservoir",184,1908-1984,N
55007,Wye,Erwood,1282.1,1937-2011,N
55008,Wye,"Cefn Brwyn",10.6,1951-2009,Y
55009,Monnow,Kentchurch,357.4,1948-1972,N
55010,Wye,"Pant Mawr",27.2,1955-1982,N
55011,Ithon,Llandewi,111.4,1959-1982,N
55012,Irfon,Cilmery,244.2,1966-2011,N
55013,Arrow,"Titley Mill",126.4,1966-2011,Y
55014,Lugg,Byton,203.3,1966-2011,Y
55015,Honddu,Tafolog,25.1,1966-2011,N
55016,Ithon,Disserth,358,1968-2011,Y
55017,Chwefru,Carreg-y-wen,29,1968-1982,N
55018,Frome,Yarkhill,144,1968-2011,Y
55020,"Pinsley Brook","Cholstrey Mill",24.2,1993-2007,N
55021,Lugg,"Butts Bridge",371,1969-2011,Y
55022,Trothy,"Mitchel Troy",142,1969-1982,N
55023,Wye,Redbrook,4010,1936-2011,Y
55025,Llynfi,"Three Cocks",132,1970-2011,Y
55026,Wye,"Ddol Farm",174,1937-2011,Y
55027,"Rudhall Brook","Sandford Bridge",13.2,1971-1998,N
55028,Frome,"Bishops Frome",77.7,1971-2011,N
55029,Monnow,Grosmont,354,1948-2011,Y
55030,Claerwen,Dol-y-mynach,95.3,1926-1950,N
55031,"Yazor Brook","Three Elms",42.3,1973-2011,N
55032,Elan,"Caban Dam",184,1908-2011,N
55033,Wye,"Gwy flume",3.9,1973-2009,N
55034,Cyff,"Cyff flume",3.1,1973-2009,N
55035,Iago,"Iago flume",1.1,1973-1999,N
55036,Garren,"Marstow Mill",91,1996-2011,N
56001,Usk,"Chain Bridge",911.7,1957-2011,Y
56002,Ebbw,Rhiwderyn,216.5,1957-2011,N
56003,Honddu,"The Forge Brecon",62.1,1963-1984,N
56004,Usk,Llandetty,543.9,1965-1980,N
56005,Lwyd,Ponthir,98.1,1966-1998,N
56006,Usk,Trallong,183.8,1963-1984,N
56007,Senni,"Pont Hen Hafod",19.9,1967-2011,Y
56011,Sirhowy,Wattsville,76.1,1970-1983,N
56012,Grwyne,Millbrook,82.2,1971-2011,N
56013,Yscir,Pontaryscir,62.8,1972-2011,Y
56014,Usk,"Usk Reservoir",17,1979-2011,N
56015,"Olway Brook","Olway Inn",105.1,1975-2011,N
56019,Ebbw,Aberbeeg,71.7,1984-2011,N
57001,"Taf Fechan","Taf Fechan Reservoir",33.7,1936-1973,N
57002,"Taf Fawr","Llwynon Reservoir",43,1931-2011,N
57003,Taff,Tongwynlais,486.9,1965-1972,N
57004,Cynon,Abercynon,106,1957-2011,Y
57005,Taff,Pontypridd,454.8,1970-2011,Y
57006,Rhondda,Trehafod,100.5,1970-2011,N
57007,Taff,"Fiddlers Elbow",194.5,1973-2011,N
57008,Rhymney,Llanedeyrn,178.7,1973-2011,Y
57009,Ely,"St Fagans",145,1975-2011,N
57010,Ely,Lanelay,39.4,1974-2011,N
57015,Taff,"Merthyr Tydfil",104.1,1978-2011,N
58001,Ogmore,Bridgend,158,1963-2013,Y
58002,Neath,Resolven,190.9,1962-2012,N
58003,Ewenny,"Ewenny Priory",62.9,1962-1965,N
58004,Afan,Cwmavon,81.5,1998-2012,N
58005,Ogmore,Brynmenyn,74.3,1970-2012,N
58006,Mellte,Pontneddfechan,65.8,1971-2012,Y
58007,Llynfi,Coytrahen,50.2,1970-2012,N
58008,Dulais,Cilfrew,43,1971-2012,N
58009,Ewenny,"Keepers Lodge",62.5,1971-2012,Y
58010,Hepste,"Esgair Carnau",11,1975-2012,N
58011,Thaw,"Gigman Bridge",49.2,1976-2011,N
58012,Afan,"Marcroft Weir",87.8,1978-2011,N
59001,Tawe,Ynystanglws,227.7,1957-2012,Y
59002,Loughor,Tir-y-dail,46.4,1967-2012,N
60002,Cothi,"Felin Mynachdy",297.8,1961-2012,Y
60003,Taf,Clog-y-Fran,217.3,1965-2013,Y
60004,"Dewi Fawr","Glasfryn Ford",36.7,1969-2012,N
60005,Bran,Llandovery,66.8,1968-2012,N
60006,Gwili,Glangwili,129.5,1968-2012,Y
60007,Tywi,"Dolau Hirion",231.8,1968-2012,N
60008,Tywi,Ystradffin,89.8,1983-2012,N
60009,Sawdde,Felin-y-cwm,77.5,1970-2012,N
60010,Tywi,Nantgaredig,1090.4,1958-2012,Y
60012,Twrch,"Ddol Las",20.7,1970-2012,N
60013,Cothi,"Pont Ynys Brechfa",261.6,1971-1976,N
61001,"Western Cleddau","Prendergast Mill",197.6,1965-2011,N
61002,"Eastern Cleddau","Canaston Bridge",183.1,1960-2012,Y
61003,Gwaun,"Cilrhedyn Bridge",31.3,1969-2012,N
62001,Teifi,"Glan Teifi",893.6,1959-2012,Y
62002,Teifi,Llanfair,510,1971-2012,N
63001,Ystwyth,"Pont Llolwyn",169.6,1963-2012,Y
63002,Rheidol,"Llanbadarn Fawr",182.1,1965-2012,N
63003,Wyre,Llanrhystyd,40.6,1970-2011,N
63004,Ystwyth,"Cwm Ystwyth",32.1,1984-2012,Y
64001,Dyfi,"Dyfi Bridge",471.3,1962-2011,Y
64002,Dysynni,Pont-y-Garth,75.1,1966-2011,N
64004,Twymyn,"Cemmaes Road",111.4,1995-2001,N
64006,Leri,Dolybont,47.2,1960-2011,Y
64010,Mawddach,"Tyddyn Gwladys",63.1,1994-2011,N
65001,Glaslyn,Beddgelert,68.6,1961-2011,Y
65004,Gwyrfai,Bontnewydd,47.9,1970-2005,N
65005,Erch,Pencaenewydd,18.1,1973-2011,Y
65006,Seiont,"Peblig Mill",74.4,1976-2011,N
65007,Dwyfawr,Garndolbenmaen,52.4,1975-2011,Y
65008,"Nant Peris",Tan-Yr-Alt,12,1971-2011,N
65014,Colwyn,"Hafod Wydr",6.6,1995-2011,N
65015,Llyfni,"Pont Y Cim",48.1,1995-2011,N
66001,Clwyd,Pont-y-Cambwll,404,1959-2011,Y
66002,Elwy,"Pant yr Onen",220,1961-1974,N
66004,Wheeler,Bodfari,62.9,1970-2011,Y
66005,Clwyd,"Ruthin Weir",95.3,1971-2009,N
66006,Elwy,Pont-y-Gwyddel,194,1973-2011,Y
66011,Conwy,Cwmlanerch,344.5,1964-2011,N
66012,Lledr,"Gethins Bridge",72.8,1995-2011,N
66025,Clwyd,"Pont Dafydd",430.8,1995-2011,N
67001,Dee,Bala,261.6,1957-2011,N
67003,Brenig,"Llyn Brenig outflow",20.2,1922-2011,N
67005,Ceiriog,"Brynkinalt Weir",113.7,1956-2011,Y
67006,Alwen,Druid,184.7,1960-2011,N
67008,Alyn,Pont-y-Capel,227.1,1965-2011,Y
67009,Alyn,Rhydymwyn,77.8,1968-2011,N
67010,Gelyn,Cynefail,13.1,1966-2011,N
67013,Hirnant,"Plas Rhiwedog",33.9,1967-1976,N
67015,Dee,"Manley Hall",1013.2,1937-2011,Y
67017,Tryweryn,"Llyn Celyn outflow",59.9,1969-2011,N
67018,Dee,"New Inn",53.9,1969-2011,Y
67025,Clywedog,"Bowling Bank",98.6,1976-2011,N
67027,Dee,Ironbridge,1674.1,1993-2011,N
67028,Ceidiog,Llandrillo,36.5,1978-2000,N
67029,Trystion,"Pen-y-felin Fawr",12.3,1977-1986,N
67033,Dee,"Chester Suspension Bridge",1816.8,1994-2011,N
68001,Weaver,Ashbrook,622,1937-2011,Y
68002,Gowy,Picton,156.2,1949-1976,N
68003,Dane,Rudheath,407.1,1949-2011,Y
68004,"Wistaston Brook","Marshfield Bridge",92.7,1957-2011,Y
68005,Weaver,Audlem,207,1953-2011,Y
68006,Dane,"Hulme Walfield",150,1953-1984,N
68007,"Wincham Brook","Lostock Gralam",148,1962-2011,N
68011,"Arley Brook","Gore Farm",36.5,1975-1982,N
68015,Gowy,Huxley,49,1979-2011,N
68020,Gowy,"Bridge Trafford",156,1979-2011,N
68044,Dane,Hugbridge,72.9,2000-2011,N
69001,Mersey,"Irlam Weir",679,1921-1978,N
69002,Irwell,"Adelphi Weir",559.4,1949-2011,Y
69003,Irk,"Scotland Weir",72.5,1937-2001,N
69004,Etherow,"Bottoms Reservoir",78.2,1945-1981,N
69005,"Glaze Brook","Little Woolden Hall",152,1954-2011,N
69006,Bollin,"Dunham Massey",257.6,1955-2002,N
69007,Mersey,"Ashton Weir",660,1976-2011,Y
69008,Dean,Stanneylands,51.8,1976-2011,N
69012,Bollin,Wilmslow,72.5,1976-2011,Y
69013,"Sinderland Brook",Partington,44.8,1976-2011,N
69015,Etherow,Compstall,156,1971-2011,N
69017,Goyt,"Marple Bridge",183,1969-2011,Y
69019,"Worsley Brook",Eccles,24.9,1969-2001,N
69020,Medlock,"London Road",57.5,1975-2011,N
69022,Irwell,"Irwell Vale",101,1996-2011,N
69023,Roch,"Blackford Bridge",186,1976-2011,N
69024,Croal,"Farnworth Weir",145,1976-2011,N
69027,Tame,Portwood,150,1969-2011,Y
69030,"Sankey Brook","Causey Bridge",154,1977-2011,N
69032,Alt,Kirkby,90.1,1977-2011,Y
69033,Alt,Sefton,100,1954-1975,N
69035,Irwell,"Bury Bridge",155,1976-1998,N
69037,Mersey,Westy,2030,1986-2010,N
69039,Medlock,"New Viaduct Street",55.9,1949-1976,N
69041,Tame,"Broomstair Bridge",113,1974-2011,N
69042,"Ding Brook","Naden Reservoir",2.2,1982-2003,N
69043,Irk,"Collyhurst Weir",72.3,2001-2011,N
69044,Irwell,"Bury Ground",139.9,1992-2011,N
69045,Bollin,"Bollington Mill Total",256.7,2009-2011,N
70001,Douglas,"Rivington Reservoirs",39.4,1951-1973,N
70002,Douglas,"Wanes Blades Bridge",198,1973-2011,N
70003,Douglas,"Central Park Wigan",55.3,1977-2011,N
70004,Yarrow,"Croston Mill",74.4,1976-2011,N
70005,Lostock,"Littlewood Bridge",56,1976-2008,N
71001,Ribble,Samlesbury,1145,1960-2011,Y
71002,Hodder,"Stocks Reservoir",37.4,1963-2011,N
71003,Croasdale,"Croasdale flume",10.4,1957-1974,N
71004,Calder,"Whalley Weir",316,1963-2011,Y
71005,"Bottoms Beck","Bottoms Beck flume",10.6,1960-1974,N
71006,Ribble,Henthorn,456,1968-2011,Y
71008,Hodder,"Hodder Place",261,1976-2011,Y
71009,Ribble,"New Jumbles Rock",1053,1979-2011,N
71010,"Pendle Water","Barden Lane",108,1971-2011,N
71011,Ribble,Arnford,204,1966-2011,N
71013,Darwen,Ewood,39.5,1976-2011,N
71014,Darwen,"Blue Bridge",128,1976-2011,N
71015,Dunsop,"Footholme Flume",25,1996-2011,N
72002,Wyre,"St Michaels",275,1963-2011,N
72004,Lune,Caton,983,1959-2011,Y
72005,Lune,"Killington New Bridge",219,1969-2011,Y
72007,Brock,"U/S A6",32,1978-2011,Y
72008,Wyre,Garstang,114,1967-2011,N
72009,Wenning,Wennington,142,1976-2011,N
72011,Rawthey,"Brigg Flatts",200,1968-2011,N
72014,Conder,Galgate,28.5,1976-2011,Y
72015,Lune,"Lunes Bridge",141.5,1979-2011,N
72016,Wyre,"Scorton Weir",88.8,1967-2011,N
73002,Crake,"Low Nibthwaite",73,1963-2011,N
73003,Kent,Burneside,73.6,1981-1999,N
73005,Kent,Sedgwick,209,1968-2011,Y
73006,"Cunsey Beck","Eel House Bridge",18.7,1976-2010,N
73008,Bela,Beetham,131,1969-2011,N
73009,Sprint,"Sprint Mill",34.6,1976-2011,Y
73010,Leven,"Newby Bridge FMS",247,1939-2011,Y
73011,Mint,"Mint Bridge",65.8,1970-2011,N
73013,Rothay,"Miller Bridge House",64,1976-2011,N
73014,Brathay,"Jeffy Knotts",57.4,1976-2011,N
73015,Keer,"High Keer Weir",48,1976-2011,N
74001,Duddon,"Duddon Hall",85.7,1968-2011,Y
74002,Irt,Galesyke,44.2,1967-2011,N
74003,Ehen,"Bleach Green",44.2,1973-2011,N
74005,Ehen,Braystones,125.5,1974-2011,Y
74006,Calder,"Calder Hall",44.8,1964-2011,N
74007,Esk,"Cropple How",70.2,1976-2011,Y
74008,Duddon,Ulpha,47.9,1976-2011,N
75001,"St Johns Beck","Thirlmere Reservoir",42.1,1935-2011,N
75002,Derwent,Camerton,663,1960-2009,Y
75003,Derwent,"Ouse Bridge",363,1968-2011,N
75004,Cocker,"Southwaite Bridge",116.6,1967-2011,Y
75005,Derwent,Portinscale,235,1972-2011,N
75006,"Newlands Beck",Braithwaite,33.9,1968-1997,N
75007,Glenderamackin,Threlkeld,64.5,1969-2011,N
75009,Greta,"Low Briery",145.6,1971-1999,N
75010,Marron,Ullock,27.7,1972-1977,N
75016,Cocker,Scalehill,64,1976-2011,N
75017,Ellen,Bullgill,96,1976-2011,Y
76001,"Haweswater Beck",Burnbanks,33,1953-2011,N
76002,Eden,"Warwick Bridge",1366.7,1959-1998,N
76003,Eamont,Udford,396.2,1961-2011,N
76004,Lowther,"Eamont Bridge",158.5,1962-2011,N
76005,Eden,"Temple Sowerby",616.4,1964-2011,Y
76007,Eden,Sheepmount,2286.5,1967-2011,Y
76008,Irthing,Greenholme,334.6,1967-2011,N
76009,Caldew,"Holm Hill",147.2,1968-1999,N
76010,Petteril,"Harraby Green",160,1970-2011,Y
76011,"Coal Burn",Coalburn,1.5,1967-2011,Y
76014,Eden,"Kirkby Stephen",69.4,1971-2011,Y
76015,Eamont,"Pooley Bridge",145,1970-2011,N
76017,Eden,"Great Corby",1373,2003-2011,N
77001,Esk,Netherby,841.7,1963-2003,N
77002,Esk,Canonbie,495,1962-2011,Y
77003,"Liddel Water",Rowanburnfoot,319,1973-2011,Y
77004,"Kirtle Water",Mossknowe,72,1979-2011,Y
77005,Lyne,"Cliff Bridge",191,1976-2011,N
78001,Annan,"St Mungos Manse",730.3,1958-1961,N
78003,Annan,Brydekirk,925,1967-2011,Y
78004,"Kinnel Water",Redhall,76.1,1963-2011,Y
78005,"Kinnel Water",Bridgemuir,229,1979-2011,N
78006,Annan,Woodfoot,217,1983-2011,N
79001,"Afton Water","Afton Reservoir",8.5,1965-1981,N
79002,Nith,"Friars Carse",799,1957-2011,Y
79003,Nith,"Hall Bridge",155,1959-2011,Y
79004,"Scar Water",Capenoch,142,1963-2011,Y
79005,"Cluden Water","Fiddlers Ford",238,1963-2011,N
79006,Nith,Drumlanrig,471,1967-2011,Y
79007,"Lochar Water","Kirkblain Bridge",125,1992-2007,N
80001,Urr,Dalbeattie,199,1963-2011,Y
80002,Dee,Glenlochar,809,1977-2011,N
80003,"White Laggan Burn","Loch Dee",5.7,1980-2011,N
80004,"Green Burn","Loch Dee",2.6,1983-2011,N
80005,"Dargall Lane","Loch Dee",2.1,1983-2011,N
80006,Blackwater,"Loch Dee",15.6,1983-2011,Y
81001,"Penwhirn Burn","Penwhirn Reservoir",18.2,1965-1968,N
81002,Cree,"Newton Stewart",368,1963-2011,Y
81003,Luce,Airyhemming,171,1967-2011,Y
81004,Bladnoch,"Low Malzie",334,1977-2011,N
81005,"Piltanton Burn",Barsolus,34.2,1985-2011,N
81006,"Water of Minnoch","Minnoch Bridge",141,1986-2011,N
81007,"Water of Fleet",Rusko,77,1988-2011,N
82001,Girvan,Robstone,245.5,1963-2011,Y
82002,Doon,Auchendrane,323.8,1974-2011,N
82003,Stinchar,Balnowlart,341,1973-2011,Y
83002,Garnock,Dalry,88.8,1963-1977,N
83003,Ayr,Catrine,166.3,1970-2011,N
83004,"Lugar Water",Langholm,181,1972-2011,N
83005,Irvine,Shewalton,380.7,1972-2011,Y
83006,Ayr,Mainholm,574,1976-2011,Y
83007,"Lugton Water","Eglinton Castle",54.6,1977-2011,N
83008,"Annick Water",Dreghorn,90.6,1980-2011,N
83009,Garnock,Kilwinning,183.8,1978-2011,N
83010,Irvine,Newmilns,72.8,1976-2011,Y
83011,Ayr,Wellwood,60,1999-2009,N
83012,"Gass Water",Welltrees,13.9,1999-2006,N
83013,Irvine,Glenfield,218,1982-2011,N
84001,Kelvin,Killermont,335.1,1948-2011,N
84002,Calder,Muirshiel,12.4,1952-2001,N
84003,Clyde,Hazelbank,1092.9,1956-2011,N
84004,Clyde,"Sills of Clyde",741.8,1957-2011,N
84005,Clyde,Blairston,1704.2,1958-2011,Y
84006,Kelvin,Bridgend,63.7,1963-1983,N
84007,"South Calder Wtr",Forgewood,93,1965-2009,N
84008,"Rotten Calder Wtr",Redlees,51.3,1966-2011,N
84009,Nethan,Kirkmuirhill,66,1966-2011,N
84011,Gryfe,Craigend,71,1963-2011,N
84012,"White Cart Water",Hawkhead,234.9,1963-2011,N
84013,Clyde,Daldowie,1903.1,1963-2011,N
84014,"Avon Water",Fairholm,265.5,1964-2011,N
84015,Kelvin,Dryfield,235.4,1960-1999,N
84016,"Luggie Water",Condorrat,33.9,1966-2011,Y
84017,"Black Cart Water","Milliken Park",103.1,1967-2011,Y
84018,Clyde,"Tulliford Mill",932.6,1969-2011,N
84019,"North Calder Wtr",Calderpark,129.8,1963-2011,N
84020,"Glazert Water","Milton of Campsie",51.9,1968-2011,N
84022,Duneaton,Maidencots,110.3,1966-2011,Y
84023,"Bothlin Burn",Auchengeich,35.7,1973-2011,N
84024,"North Calder Wtr",Hillend,19.9,1972-2010,N
84025,"Luggie Water",Oxgang,87.7,1975-2011,N
84026,"Allander Water",Milngavie,32.8,1974-2010,N
84027,"North Calder Wtr",Calderbank,60.6,1968-2002,N
84029,"Cander Water",Candermill,24.5,1975-2011,N
84030,"White Cart Water",Overlee,106.4,1981-2011,N
84031,"Watstone Burn",Watstone,5,1986-1993,N
84032,"Bagabout Burn",Giffnock,4.9,1984-1997,N
84033,"White Cart Water","MacQuisten Bridge",120,1991-2009,N
84034,"Auldhouse Burn","Spiers Bridge",17.2,1991-2011,N
84035,"Kittoch Water",Waterside,16.8,1991-2011,N
84036,"Earn Water",Letham,19.8,1991-2011,N
84037,"Douglas Water",Happendon,97,1989-2011,N
85001,Leven,Linnbrane,784.3,1963-2011,Y
85002,"Endrick Water",Gaidrew,219.9,1963-2011,N
85003,Falloch,"Glen Falloch",80.3,1970-2011,Y
85004,"Luss Water",Luss,35.3,1976-2011,Y
86001,"Little Eachaig",Dalinlongart,30.8,1968-2007,Y
86002,Eachaig,Eckford,139.9,1968-1998,N
88001,Carradale,Dippen,58.5,1995-2011,N
89002,"Linne nam Beathach","Victoria Bridge",50.5,1981-2011,N
89003,Orchy,"Glen Orchy",251.2,1977-2011,Y
89004,Strae,"Glen Strae",36.2,1978-2011,N
89005,Lochy,Inverlochy,47.7,1978-2011,N
89006,Avich,"Barnaline Lodge",32.1,1980-2011,Y
89007,"Abhainn a' Bhealaich",Braevallich,24.1,1981-2011,Y
89008,"Eas Daimh","Eas Daimh",4.5,1981-2011,N
89009,"Eas a' Ghaill",Succoth,9.7,1981-1993,N
90003,Nevis,Claggan,69.2,1982-2011,Y
91002,Lochy,Camisky,1252,1980-2011,N
92001,Shiel,Shielfoot,256,1995-2011,Y
93001,Carron,"New Kelso",137.8,1979-2011,Y
94001,Ewe,Poolewe,441.1,1970-2011,Y
95001,Inver,"Little Assynt",137.5,1977-2011,Y
95002,Broom,Inverbroom,141.4,1985-2011,N
96001,Halladale,Halladale,204.6,1976-2011,Y
96002,Naver,Apigill,477,1977-2011,Y
96003,Strathy,"Strathy Bridge",111.8,1985-2011,N
96004,Strathmore,Allnabad,105,1987-2011,Y
97002,Thurso,Halkirk,412.8,1972-2011,Y
101001,"Eastern Yar","Alverstone Mill",57.5,1961-1997,N
101002,Medina,Shide,29.8,1965-2011,N
101003,"Lukely Brook","Carisbrooke Mill",16.2,1980-2011,N
101004,"Eastern Yar","Burnt House",59.6,1982-2011,N
101005,"Eastern Yar",Budbridge,22.5,1982-2011,Y
101006,"Wroxall Stream",Waightshale,15.8,1982-1994,N
101007,"Scotchells Brook","Burnt House",9.2,1982-1996,N
102001,Cefni,Bodffordd,21.7,1988-2011,Y
106001,Creed,"Creed Bridge",43.4,1993-2011,N
107001,Durkadale,Durkadale,19,1999-2011,N
108001,"Weisdale Burn","Weisdale Mill",12.6,2003-2011,N
201002,Fairywater,"Dudgeon Bridge",158.4,1971-2011,N
201005,Camowen,"Camowen Terrace",276.6,1972-2011,Y
201006,Drumragh,"Campsie Bridge",320,1972-2011,N
201007,"Burn Dennet",Burndennet,148.3,1975-2011,Y
201008,Derg,Castlederg,335.4,1975-2011,Y
201009,Owenkillew,Crosh,440.1,1980-2011,N
201010,Mourne,"Drumnabuoy House",1843.8,1982-2011,Y
202001,Roe,Ardnargle,364.4,1975-2010,N
202002,Faughan,Drumahoe,273.1,1976-2011,Y
203010,Blackwater,"Maydown Bridge",970.2,1970-2011,Y
203011,Main,Dromona,243.5,1970-2011,N
203012,Ballinderry,"Ballinderry Bridge",430.2,1970-2011,Y
203017,"Upper Bann","Dynes Bridge",316.3,1970-1991,N
203018,"Six-Mile Water",Antrim,277.6,1970-2011,Y
203019,Claudy,"Glenone Bridge",126.3,1972-2011,N
203020,Moyola,"Moyola New Bridge",304.3,1971-2011,Y
203021,Kellswater,"Curry's Bridge",126.3,1971-2011,N
203022,Blackwater,"Derrymeen Bridge",182.9,1998-2011,N
203024,Cusher,"Gamble's Bridge",170.7,1971-2011,Y
203025,Callan,"Martin's Bridge",166.9,1971-2011,N
203026,Glenavy,Glenavy,44.6,1971-1998,N
203027,Braid,Ballee,177.2,1972-2011,N
203028,Agivey,Whitehill,100.5,1972-2011,Y
203029,"Six-Mile Water",Ballyclare,58.4,1973-1990,N
203033,"Upper Bann",Bannfield,101.7,1975-2011,N
203038,Rocky,"Rocky Mountain",7.7,1986-2011,N
203039,Clogh,Tullynewey,98.7,1983-2011,Y
203040,"Lower Bann",Movanagher,5209.8,1980-2011,Y
203042,Crumlin,"Cidercourt Bridge",55.3,1981-2011,Y
203043,Oonawater,Shanmoy,94.1,1986-2011,N
203046,"Rathmore Burn","Rathmore Bridge",22.5,1983-2011,N
203049,Clady,"Clady Bridge",29.4,1983-2011,N
203050,"Ballysally Blagh","University of Ulster",14.2,1993-2011,N
203092,Main,Dunminning,221.5,1983-2011,N
203093,Main,"Shane's Viaduct",707.4,1983-2011,Y
203097,"Upper Bann",Moyallen,304.9,1990-2011,N
204001,Bush,"Seneirl Bridge",299.2,1972-2011,Y
205004,Lagan,Newforge,491.6,1972-2011,Y
205005,Ravernet,Ravernet,73.5,1978-2011,N
205008,Lagan,Drumiller,84.6,1974-2011,Y
205010,Lagan,Banoge,189.8,1974-1994,N
205011,Annacloy,"Kilmore Bridge",186.6,1979-2011,Y
205015,Cotton,Grandmere,19.2,1990-2011,N
205020,Enler,Comber,61.8,1983-2011,Y
205029,Lagan,Feeny,202.6,1993-2011,N
205105,Knock,Orangefield,12.9,1983-2000,N
206001,Clanrye,"Mountmill Bridge",120.3,1974-2011,Y
206002,Jerretspass,Jerretspass,107.8,1972-2011,N
236005,Colebrooke,"Ballindarragh Bridge",313.6,1975-2011,N
236007,Sillees,"Drumrainey Bridge",166.3,1981-2011,Y
236051,Ballinamallard,Ballycassidy,159.4,1991-2011,N
